id,simTime,predprey,lifespan
16,30.130126953125,pred,30.312371969223022
