id,simTime,predprey,lifespan
21,22.077260971069336,pred,22.31246781349182
16,30.119391202926636,prey,30.41292905807495
19,30.119391202926636,prey,30.37791419029236
17,32.13174510002136,prey,32.41357493400574
22,40.173828125,pred,40.39717197418213
9,50.19392919540405,prey,50.57097506523132
13,52.19686317443848,prey,52.52564716339111
