id,simTime,predprey,lifespan,caughtBy
36,12.04210114479065,pred,12.100872993469238,18
26,26.10656499862671,pred,26.28810691833496,19
38,42.17088222503662,pred,42.20515513420105,18
