id,simTime,predprey,lifespan,caughtBy
21,12.05870795249939,pred,12.306357860565186,5
22,26.11020302772522,pred,26.3454110622406,13
21,38.14855098724365,prey,26.08413290977478,29
23,40.1492440700531,pred,40.3720920085907,1
24,56.20740103721619,pred,56.41789102554321,13
