id,simTime,predprey,lifespan
1,19.571830987930298,prey,20.052846908569336
1,20.76727604866028,prey,21.23235297203064
